id,customer,subject,description,status
1,Anna Idibia,Email Deliverability issues,This morning I noticed I keep getting an email sending failed message when I send emails from my account,open
2,Feyi Balogun,I can't log into my cPanel,My cPanel is not logging in. Help,open
3,Jay Jay Okocha,Domain Renewal Payment,"Hello!

Payment has been made for the renewal of jjokocha.ng - 1 Year/s (03/10/2026 - 02/10/2027).

Please help to renew the domain asap from your end.

Regards",open
4,Mikel Obi,Confirm my Hosting payment,I made payment for my hosting yesterday. Kindly confirm.,closed
5,Sam Loco Efe,I want to design a website, ,open
6,Don Jazzy,Please make an update,I need to update the name of the founder on our website. Can you help me?,open
7,Dbanj,My email is not opening,I've tried logging into my email account from the webmail but it's not working,open
8,Michael Owen,"Is your server down?, hosting and domain issue","For some reason, my site is not displaying when I visit the URL. Is it an issue with your server?",open
9,Jon Bellion,Domain Renewal Request,"Hello!

Payment has been made for the renewal of jonbellion.music - 1 Year/s (03/10/2026 - 02/10/2027).

Please help to renew the domain asap from your end.

Regards",open
10,Faheem Najm,Request for invoice,Please generate an invoice for renewing my domain and hosting plan,Open
11,Akon Makelele,New paid domain - Makaroknee,"Hello!

Payment has been made for the registration of Makaroknee.ng - 1 Year/s (03/10/2026 - 02/10/2027).

Please help to activate the domain asap from your end.

Regards",open
12,Astro Wulf,Opticlue.com.ng domain renewal,"Hello!

Payment has been made for the renewal of Opticlue.com.ng - 1 Year/s (03/10/2026 - 02/10/2027).

Please help to renew the domain asap from your end.

Regards",open
13,Brian Bradley,Urgent: Server inaccessible,I'm unable to log into my server. Please assist.,open
14,Limo Blaze,Vendors Registration Form,I need your company to complete a vendor registration form. Can you do that?,open
15,Greatman Takit,Reactivation of Domain,Please reactivate my domain name. I've made payment this morning.,pending
16,Moses Bliss,Reactivation of Domain,Please reactivate my domain name. I've made payment this morning.,Escalated